"review","sentiment"
"I loved the excellent results, and it exceeded my expectations.","positive"
"I really enjoyed the fantastic results, and it exceeded my expectations.","positive"
"I was impressed by the reliable results, and it exceeded my expectations.","positive"
"I am happy with the pleasant results, and it exceeded my expectations.","positive"
"I strongly recommend the smooth results, and it exceeded my expectations.","positive"
"I would buy again because the useful results, and it exceeded my expectations.","positive"
"I had a great experience with the high quality results, and it exceeded my expectations.","positive"
"This product delivered the well designed results, and it exceeded my expectations.","positive"
"This item made the outstanding results, and it exceeded my expectations.","positive"
"This purchase gave the comfortable results, and it exceeded my expectations.","positive"
"I loved the excellent performance, and it exceeded my expectations.","positive"
"I really enjoyed the fantastic performance, and it exceeded my expectations.","positive"
"I was impressed by the reliable performance, and it exceeded my expectations.","positive"
"I am happy with the pleasant performance, and it exceeded my expectations.","positive"
"I strongly recommend the smooth performance, and it exceeded my expectations.","positive"
"I would buy again because the useful performance, and it exceeded my expectations.","positive"
"I had a great experience with the high quality performance, and it exceeded my expectations.","positive"
"This product delivered the well designed performance, and it exceeded my expectations.","positive"
"This item made the outstanding performance, and it exceeded my expectations.","positive"
"This purchase gave the comfortable performance, and it exceeded my expectations.","positive"
"I loved the excellent value, and it exceeded my expectations.","positive"
"I really enjoyed the fantastic value, and it exceeded my expectations.","positive"
"I was impressed by the reliable value, and it exceeded my expectations.","positive"
"I am happy with the pleasant value, and it exceeded my expectations.","positive"
"I strongly recommend the smooth value, and it exceeded my expectations.","positive"
"I would buy again because the useful value, and it exceeded my expectations.","positive"
"I had a great experience with the high quality value, and it exceeded my expectations.","positive"
"This product delivered the well designed value, and it exceeded my expectations.","positive"
"This item made the outstanding value, and it exceeded my expectations.","positive"
"This purchase gave the comfortable value, and it exceeded my expectations.","positive"
"I loved the excellent quality, and it exceeded my expectations.","positive"
"I really enjoyed the fantastic quality, and it exceeded my expectations.","positive"
"I was impressed by the reliable quality, and it exceeded my expectations.","positive"
"I am happy with the pleasant quality, and it exceeded my expectations.","positive"
"I strongly recommend the smooth quality, and it exceeded my expectations.","positive"
"I would buy again because the useful quality, and it exceeded my expectations.","positive"
"I had a great experience with the high quality quality, and it exceeded my expectations.","positive"
"This product delivered the well designed quality, and it exceeded my expectations.","positive"
"This item made the outstanding quality, and it exceeded my expectations.","positive"
"This purchase gave the comfortable quality, and it exceeded my expectations.","positive"
"I loved the excellent experience, and it exceeded my expectations.","positive"
"I really enjoyed the fantastic experience, and it exceeded my expectations.","positive"
"I was impressed by the reliable experience, and it exceeded my expectations.","positive"
"I am happy with the pleasant experience, and it exceeded my expectations.","positive"
"I strongly recommend the smooth experience, and it exceeded my expectations.","positive"
"I would buy again because the useful experience, and it exceeded my expectations.","positive"
"I had a great experience with the high quality experience, and it exceeded my expectations.","positive"
"This product delivered the well designed experience, and it exceeded my expectations.","positive"
"This item made the outstanding experience, and it exceeded my expectations.","positive"
"This purchase gave the comfortable experience, and it exceeded my expectations.","positive"
"I loved the excellent features, and it exceeded my expectations.","positive"
"I really enjoyed the fantastic features, and it exceeded my expectations.","positive"
"I was impressed by the reliable features, and it exceeded my expectations.","positive"
"I am happy with the pleasant features, and it exceeded my expectations.","positive"
"I strongly recommend the smooth features, and it exceeded my expectations.","positive"
"I would buy again because the useful features, and it exceeded my expectations.","positive"
"I had a great experience with the high quality features, and it exceeded my expectations.","positive"
"This product delivered the well designed features, and it exceeded my expectations.","positive"
"This item made the outstanding features, and it exceeded my expectations.","positive"
"This purchase gave the comfortable features, and it exceeded my expectations.","positive"
"I loved the excellent design, and it exceeded my expectations.","positive"
"I really enjoyed the fantastic design, and it exceeded my expectations.","positive"
"I was impressed by the reliable design, and it exceeded my expectations.","positive"
"I am happy with the pleasant design, and it exceeded my expectations.","positive"
"I strongly recommend the smooth design, and it exceeded my expectations.","positive"
"I would buy again because the useful design, and it exceeded my expectations.","positive"
"I had a great experience with the high quality design, and it exceeded my expectations.","positive"
"This product delivered the well designed design, and it exceeded my expectations.","positive"
"This item made the outstanding design, and it exceeded my expectations.","positive"
"This purchase gave the comfortable design, and it exceeded my expectations.","positive"
"I loved the excellent durability, and it exceeded my expectations.","positive"
"I really enjoyed the fantastic durability, and it exceeded my expectations.","positive"
"I was impressed by the reliable durability, and it exceeded my expectations.","positive"
"I am happy with the pleasant durability, and it exceeded my expectations.","positive"
"I strongly recommend the smooth durability, and it exceeded my expectations.","positive"
"I would buy again because the useful durability, and it exceeded my expectations.","positive"
"I had a great experience with the high quality durability, and it exceeded my expectations.","positive"
"This product delivered the well designed durability, and it exceeded my expectations.","positive"
"This item made the outstanding durability, and it exceeded my expectations.","positive"
"This purchase gave the comfortable durability, and it exceeded my expectations.","positive"
"I loved the excellent support, and it exceeded my expectations.","positive"
"I really enjoyed the fantastic support, and it exceeded my expectations.","positive"
"I was impressed by the reliable support, and it exceeded my expectations.","positive"
"I am happy with the pleasant support, and it exceeded my expectations.","positive"
"I strongly recommend the smooth support, and it exceeded my expectations.","positive"
"I would buy again because the useful support, and it exceeded my expectations.","positive"
"I had a great experience with the high quality support, and it exceeded my expectations.","positive"
"This product delivered the well designed support, and it exceeded my expectations.","positive"
"This item made the outstanding support, and it exceeded my expectations.","positive"
"This purchase gave the comfortable support, and it exceeded my expectations.","positive"
"I loved the excellent packaging, and it exceeded my expectations.","positive"
"I really enjoyed the fantastic packaging, and it exceeded my expectations.","positive"
"I was impressed by the reliable packaging, and it exceeded my expectations.","positive"
"I am happy with the pleasant packaging, and it exceeded my expectations.","positive"
"I strongly recommend the smooth packaging, and it exceeded my expectations.","positive"
"I would buy again because the useful packaging, and it exceeded my expectations.","positive"
"I had a great experience with the high quality packaging, and it exceeded my expectations.","positive"
"This product delivered the well designed packaging, and it exceeded my expectations.","positive"
"This item made the outstanding packaging, and it exceeded my expectations.","positive"
"This purchase gave the comfortable packaging, and it exceeded my expectations.","positive"
"I loved the excellent results, and I would recommend it to friends.","positive"
"I really enjoyed the fantastic results, and I would recommend it to friends.","positive"
"I was impressed by the reliable results, and I would recommend it to friends.","positive"
"I am happy with the pleasant results, and I would recommend it to friends.","positive"
"I strongly recommend the smooth results, and I would recommend it to friends.","positive"
"I would buy again because the useful results, and I would recommend it to friends.","positive"
"I had a great experience with the high quality results, and I would recommend it to friends.","positive"
"This product delivered the well designed results, and I would recommend it to friends.","positive"
"This item made the outstanding results, and I would recommend it to friends.","positive"
"This purchase gave the comfortable results, and I would recommend it to friends.","positive"
"I loved the excellent performance, and I would recommend it to friends.","positive"
"I really enjoyed the fantastic performance, and I would recommend it to friends.","positive"
"I was impressed by the reliable performance, and I would recommend it to friends.","positive"
"I am happy with the pleasant performance, and I would recommend it to friends.","positive"
"I strongly recommend the smooth performance, and I would recommend it to friends.","positive"
"I would buy again because the useful performance, and I would recommend it to friends.","positive"
"I had a great experience with the high quality performance, and I would recommend it to friends.","positive"
"This product delivered the well designed performance, and I would recommend it to friends.","positive"
"This item made the outstanding performance, and I would recommend it to friends.","positive"
"This purchase gave the comfortable performance, and I would recommend it to friends.","positive"
"I loved the excellent value, and I would recommend it to friends.","positive"
"I really enjoyed the fantastic value, and I would recommend it to friends.","positive"
"I was impressed by the reliable value, and I would recommend it to friends.","positive"
"I am happy with the pleasant value, and I would recommend it to friends.","positive"
"I strongly recommend the smooth value, and I would recommend it to friends.","positive"
"I would buy again because the useful value, and I would recommend it to friends.","positive"
"I had a great experience with the high quality value, and I would recommend it to friends.","positive"
"This product delivered the well designed value, and I would recommend it to friends.","positive"
"This item made the outstanding value, and I would recommend it to friends.","positive"
"This purchase gave the comfortable value, and I would recommend it to friends.","positive"
"I loved the excellent quality, and I would recommend it to friends.","positive"
"I really enjoyed the fantastic quality, and I would recommend it to friends.","positive"
"I was impressed by the reliable quality, and I would recommend it to friends.","positive"
"I am happy with the pleasant quality, and I would recommend it to friends.","positive"
"I strongly recommend the smooth quality, and I would recommend it to friends.","positive"
"I would buy again because the useful quality, and I would recommend it to friends.","positive"
"I had a great experience with the high quality quality, and I would recommend it to friends.","positive"
"This product delivered the well designed quality, and I would recommend it to friends.","positive"
"This item made the outstanding quality, and I would recommend it to friends.","positive"
"This purchase gave the comfortable quality, and I would recommend it to friends.","positive"
"I loved the excellent experience, and I would recommend it to friends.","positive"
"I really enjoyed the fantastic experience, and I would recommend it to friends.","positive"
"I was impressed by the reliable experience, and I would recommend it to friends.","positive"
"I am happy with the pleasant experience, and I would recommend it to friends.","positive"
"I strongly recommend the smooth experience, and I would recommend it to friends.","positive"
"I would buy again because the useful experience, and I would recommend it to friends.","positive"
"I had a great experience with the high quality experience, and I would recommend it to friends.","positive"
"This product delivered the well designed experience, and I would recommend it to friends.","positive"
"This item made the outstanding experience, and I would recommend it to friends.","positive"
"This purchase gave the comfortable experience, and I would recommend it to friends.","positive"
"I loved the excellent features, and I would recommend it to friends.","positive"
"I really enjoyed the fantastic features, and I would recommend it to friends.","positive"
"I was impressed by the reliable features, and I would recommend it to friends.","positive"
"I am happy with the pleasant features, and I would recommend it to friends.","positive"
"I strongly recommend the smooth features, and I would recommend it to friends.","positive"
"I would buy again because the useful features, and I would recommend it to friends.","positive"
"I had a great experience with the high quality features, and I would recommend it to friends.","positive"
"This product delivered the well designed features, and I would recommend it to friends.","positive"
"This item made the outstanding features, and I would recommend it to friends.","positive"
"This purchase gave the comfortable features, and I would recommend it to friends.","positive"
"I loved the excellent design, and I would recommend it to friends.","positive"
"I really enjoyed the fantastic design, and I would recommend it to friends.","positive"
"I was impressed by the reliable design, and I would recommend it to friends.","positive"
"I am happy with the pleasant design, and I would recommend it to friends.","positive"
"I strongly recommend the smooth design, and I would recommend it to friends.","positive"
"I would buy again because the useful design, and I would recommend it to friends.","positive"
"I had a great experience with the high quality design, and I would recommend it to friends.","positive"
"This product delivered the well designed design, and I would recommend it to friends.","positive"
"This item made the outstanding design, and I would recommend it to friends.","positive"
"This purchase gave the comfortable design, and I would recommend it to friends.","positive"
"I loved the excellent durability, and I would recommend it to friends.","positive"
"I really enjoyed the fantastic durability, and I would recommend it to friends.","positive"
"I was impressed by the reliable durability, and I would recommend it to friends.","positive"
"I am happy with the pleasant durability, and I would recommend it to friends.","positive"
"I strongly recommend the smooth durability, and I would recommend it to friends.","positive"
"I would buy again because the useful durability, and I would recommend it to friends.","positive"
"I had a great experience with the high quality durability, and I would recommend it to friends.","positive"
"This product delivered the well designed durability, and I would recommend it to friends.","positive"
"This item made the outstanding durability, and I would recommend it to friends.","positive"
"This purchase gave the comfortable durability, and I would recommend it to friends.","positive"
"I loved the excellent support, and I would recommend it to friends.","positive"
"I really enjoyed the fantastic support, and I would recommend it to friends.","positive"
"I was impressed by the reliable support, and I would recommend it to friends.","positive"
"I am happy with the pleasant support, and I would recommend it to friends.","positive"
"I strongly recommend the smooth support, and I would recommend it to friends.","positive"
"I would buy again because the useful support, and I would recommend it to friends.","positive"
"I had a great experience with the high quality support, and I would recommend it to friends.","positive"
"This product delivered the well designed support, and I would recommend it to friends.","positive"
"This item made the outstanding support, and I would recommend it to friends.","positive"
"This purchase gave the comfortable support, and I would recommend it to friends.","positive"
"I loved the excellent packaging, and I would recommend it to friends.","positive"
"I really enjoyed the fantastic packaging, and I would recommend it to friends.","positive"
"I was impressed by the reliable packaging, and I would recommend it to friends.","positive"
"I am happy with the pleasant packaging, and I would recommend it to friends.","positive"
"I strongly recommend the smooth packaging, and I would recommend it to friends.","positive"
"I would buy again because the useful packaging, and I would recommend it to friends.","positive"
"I had a great experience with the high quality packaging, and I would recommend it to friends.","positive"
"This product delivered the well designed packaging, and I would recommend it to friends.","positive"
"This item made the outstanding packaging, and I would recommend it to friends.","positive"
"This purchase gave the comfortable packaging, and I would recommend it to friends.","positive"
"I loved the excellent results, and it worked exactly as described.","positive"
"I really enjoyed the fantastic results, and it worked exactly as described.","positive"
"I was impressed by the reliable results, and it worked exactly as described.","positive"
"I am happy with the pleasant results, and it worked exactly as described.","positive"
"I strongly recommend the smooth results, and it worked exactly as described.","positive"
"I would buy again because the useful results, and it worked exactly as described.","positive"
"I had a great experience with the high quality results, and it worked exactly as described.","positive"
"This product delivered the well designed results, and it worked exactly as described.","positive"
"This item made the outstanding results, and it worked exactly as described.","positive"
"This purchase gave the comfortable results, and it worked exactly as described.","positive"
"I loved the excellent performance, and it worked exactly as described.","positive"
"I really enjoyed the fantastic performance, and it worked exactly as described.","positive"
"I was impressed by the reliable performance, and it worked exactly as described.","positive"
"I am happy with the pleasant performance, and it worked exactly as described.","positive"
"I strongly recommend the smooth performance, and it worked exactly as described.","positive"
"I would buy again because the useful performance, and it worked exactly as described.","positive"
"I had a great experience with the high quality performance, and it worked exactly as described.","positive"
"This product delivered the well designed performance, and it worked exactly as described.","positive"
"This item made the outstanding performance, and it worked exactly as described.","positive"
"This purchase gave the comfortable performance, and it worked exactly as described.","positive"
"I loved the excellent value, and it worked exactly as described.","positive"
"I really enjoyed the fantastic value, and it worked exactly as described.","positive"
"I was impressed by the reliable value, and it worked exactly as described.","positive"
"I am happy with the pleasant value, and it worked exactly as described.","positive"
"I strongly recommend the smooth value, and it worked exactly as described.","positive"
"I would buy again because the useful value, and it worked exactly as described.","positive"
"I had a great experience with the high quality value, and it worked exactly as described.","positive"
"This product delivered the well designed value, and it worked exactly as described.","positive"
"This item made the outstanding value, and it worked exactly as described.","positive"
"This purchase gave the comfortable value, and it worked exactly as described.","positive"
"I loved the excellent quality, and it worked exactly as described.","positive"
"I really enjoyed the fantastic quality, and it worked exactly as described.","positive"
"I was impressed by the reliable quality, and it worked exactly as described.","positive"
"I am happy with the pleasant quality, and it worked exactly as described.","positive"
"I strongly recommend the smooth quality, and it worked exactly as described.","positive"
"I would buy again because the useful quality, and it worked exactly as described.","positive"
"I had a great experience with the high quality quality, and it worked exactly as described.","positive"
"This product delivered the well designed quality, and it worked exactly as described.","positive"
"This item made the outstanding quality, and it worked exactly as described.","positive"
"This purchase gave the comfortable quality, and it worked exactly as described.","positive"
"I loved the excellent experience, and it worked exactly as described.","positive"
"I really enjoyed the fantastic experience, and it worked exactly as described.","positive"
"I was impressed by the reliable experience, and it worked exactly as described.","positive"
"I am happy with the pleasant experience, and it worked exactly as described.","positive"
"I strongly recommend the smooth experience, and it worked exactly as described.","positive"
"I would buy again because the useful experience, and it worked exactly as described.","positive"
"I had a great experience with the high quality experience, and it worked exactly as described.","positive"
"This product delivered the well designed experience, and it worked exactly as described.","positive"
"This item made the outstanding experience, and it worked exactly as described.","positive"
"This purchase gave the comfortable experience, and it worked exactly as described.","positive"
"I disliked the poor results, and it did not meet my expectations.","negative"
"I was disappointed by the frustrating results, and it did not meet my expectations.","negative"
"I regret buying the unreliable results, and it did not meet my expectations.","negative"
"I am unhappy with the weak results, and it did not meet my expectations.","negative"
"I would not recommend the cheap results, and it did not meet my expectations.","negative"
"This product caused the confusing results, and it did not meet my expectations.","negative"
"This item gave the low quality results, and it did not meet my expectations.","negative"
"This purchase created the rough results, and it did not meet my expectations.","negative"
"I had a bad experience with the inconsistent results, and it did not meet my expectations.","negative"
"I expected more from the annoying results, and it did not meet my expectations.","negative"
"I disliked the poor performance, and it did not meet my expectations.","negative"
"I was disappointed by the frustrating performance, and it did not meet my expectations.","negative"
"I regret buying the unreliable performance, and it did not meet my expectations.","negative"
"I am unhappy with the weak performance, and it did not meet my expectations.","negative"
"I would not recommend the cheap performance, and it did not meet my expectations.","negative"
"This product caused the confusing performance, and it did not meet my expectations.","negative"
"This item gave the low quality performance, and it did not meet my expectations.","negative"
"This purchase created the rough performance, and it did not meet my expectations.","negative"
"I had a bad experience with the inconsistent performance, and it did not meet my expectations.","negative"
"I expected more from the annoying performance, and it did not meet my expectations.","negative"
"I disliked the poor value, and it did not meet my expectations.","negative"
"I was disappointed by the frustrating value, and it did not meet my expectations.","negative"
"I regret buying the unreliable value, and it did not meet my expectations.","negative"
"I am unhappy with the weak value, and it did not meet my expectations.","negative"
"I would not recommend the cheap value, and it did not meet my expectations.","negative"
"This product caused the confusing value, and it did not meet my expectations.","negative"
"This item gave the low quality value, and it did not meet my expectations.","negative"
"This purchase created the rough value, and it did not meet my expectations.","negative"
"I had a bad experience with the inconsistent value, and it did not meet my expectations.","negative"
"I expected more from the annoying value, and it did not meet my expectations.","negative"
"I disliked the poor quality, and it did not meet my expectations.","negative"
"I was disappointed by the frustrating quality, and it did not meet my expectations.","negative"
"I regret buying the unreliable quality, and it did not meet my expectations.","negative"
"I am unhappy with the weak quality, and it did not meet my expectations.","negative"
"I would not recommend the cheap quality, and it did not meet my expectations.","negative"
"This product caused the confusing quality, and it did not meet my expectations.","negative"
"This item gave the low quality quality, and it did not meet my expectations.","negative"
"This purchase created the rough quality, and it did not meet my expectations.","negative"
"I had a bad experience with the inconsistent quality, and it did not meet my expectations.","negative"
"I expected more from the annoying quality, and it did not meet my expectations.","negative"
"I disliked the poor experience, and it did not meet my expectations.","negative"
"I was disappointed by the frustrating experience, and it did not meet my expectations.","negative"
"I regret buying the unreliable experience, and it did not meet my expectations.","negative"
"I am unhappy with the weak experience, and it did not meet my expectations.","negative"
"I would not recommend the cheap experience, and it did not meet my expectations.","negative"
"This product caused the confusing experience, and it did not meet my expectations.","negative"
"This item gave the low quality experience, and it did not meet my expectations.","negative"
"This purchase created the rough experience, and it did not meet my expectations.","negative"
"I had a bad experience with the inconsistent experience, and it did not meet my expectations.","negative"
"I expected more from the annoying experience, and it did not meet my expectations.","negative"
"I disliked the poor features, and it did not meet my expectations.","negative"
"I was disappointed by the frustrating features, and it did not meet my expectations.","negative"
"I regret buying the unreliable features, and it did not meet my expectations.","negative"
"I am unhappy with the weak features, and it did not meet my expectations.","negative"
"I would not recommend the cheap features, and it did not meet my expectations.","negative"
"This product caused the confusing features, and it did not meet my expectations.","negative"
"This item gave the low quality features, and it did not meet my expectations.","negative"
"This purchase created the rough features, and it did not meet my expectations.","negative"
"I had a bad experience with the inconsistent features, and it did not meet my expectations.","negative"
"I expected more from the annoying features, and it did not meet my expectations.","negative"
"I disliked the poor design, and it did not meet my expectations.","negative"
"I was disappointed by the frustrating design, and it did not meet my expectations.","negative"
"I regret buying the unreliable design, and it did not meet my expectations.","negative"
"I am unhappy with the weak design, and it did not meet my expectations.","negative"
"I would not recommend the cheap design, and it did not meet my expectations.","negative"
"This product caused the confusing design, and it did not meet my expectations.","negative"
"This item gave the low quality design, and it did not meet my expectations.","negative"
"This purchase created the rough design, and it did not meet my expectations.","negative"
"I had a bad experience with the inconsistent design, and it did not meet my expectations.","negative"
"I expected more from the annoying design, and it did not meet my expectations.","negative"
"I disliked the poor durability, and it did not meet my expectations.","negative"
"I was disappointed by the frustrating durability, and it did not meet my expectations.","negative"
"I regret buying the unreliable durability, and it did not meet my expectations.","negative"
"I am unhappy with the weak durability, and it did not meet my expectations.","negative"
"I would not recommend the cheap durability, and it did not meet my expectations.","negative"
"This product caused the confusing durability, and it did not meet my expectations.","negative"
"This item gave the low quality durability, and it did not meet my expectations.","negative"
"This purchase created the rough durability, and it did not meet my expectations.","negative"
"I had a bad experience with the inconsistent durability, and it did not meet my expectations.","negative"
"I expected more from the annoying durability, and it did not meet my expectations.","negative"
"I disliked the poor support, and it did not meet my expectations.","negative"
"I was disappointed by the frustrating support, and it did not meet my expectations.","negative"
"I regret buying the unreliable support, and it did not meet my expectations.","negative"
"I am unhappy with the weak support, and it did not meet my expectations.","negative"
"I would not recommend the cheap support, and it did not meet my expectations.","negative"
"This product caused the confusing support, and it did not meet my expectations.","negative"
"This item gave the low quality support, and it did not meet my expectations.","negative"
"This purchase created the rough support, and it did not meet my expectations.","negative"
"I had a bad experience with the inconsistent support, and it did not meet my expectations.","negative"
"I expected more from the annoying support, and it did not meet my expectations.","negative"
"I disliked the poor packaging, and it did not meet my expectations.","negative"
"I was disappointed by the frustrating packaging, and it did not meet my expectations.","negative"
"I regret buying the unreliable packaging, and it did not meet my expectations.","negative"
"I am unhappy with the weak packaging, and it did not meet my expectations.","negative"
"I would not recommend the cheap packaging, and it did not meet my expectations.","negative"
"This product caused the confusing packaging, and it did not meet my expectations.","negative"
"This item gave the low quality packaging, and it did not meet my expectations.","negative"
"This purchase created the rough packaging, and it did not meet my expectations.","negative"
"I had a bad experience with the inconsistent packaging, and it did not meet my expectations.","negative"
"I expected more from the annoying packaging, and it did not meet my expectations.","negative"
"I disliked the poor results, and I would not buy it again.","negative"
"I was disappointed by the frustrating results, and I would not buy it again.","negative"
"I regret buying the unreliable results, and I would not buy it again.","negative"
"I am unhappy with the weak results, and I would not buy it again.","negative"
"I would not recommend the cheap results, and I would not buy it again.","negative"
"This product caused the confusing results, and I would not buy it again.","negative"
"This item gave the low quality results, and I would not buy it again.","negative"
"This purchase created the rough results, and I would not buy it again.","negative"
"I had a bad experience with the inconsistent results, and I would not buy it again.","negative"
"I expected more from the annoying results, and I would not buy it again.","negative"
"I disliked the poor performance, and I would not buy it again.","negative"
"I was disappointed by the frustrating performance, and I would not buy it again.","negative"
"I regret buying the unreliable performance, and I would not buy it again.","negative"
"I am unhappy with the weak performance, and I would not buy it again.","negative"
"I would not recommend the cheap performance, and I would not buy it again.","negative"
"This product caused the confusing performance, and I would not buy it again.","negative"
"This item gave the low quality performance, and I would not buy it again.","negative"
"This purchase created the rough performance, and I would not buy it again.","negative"
"I had a bad experience with the inconsistent performance, and I would not buy it again.","negative"
"I expected more from the annoying performance, and I would not buy it again.","negative"
"I disliked the poor value, and I would not buy it again.","negative"
"I was disappointed by the frustrating value, and I would not buy it again.","negative"
"I regret buying the unreliable value, and I would not buy it again.","negative"
"I am unhappy with the weak value, and I would not buy it again.","negative"
"I would not recommend the cheap value, and I would not buy it again.","negative"
"This product caused the confusing value, and I would not buy it again.","negative"
"This item gave the low quality value, and I would not buy it again.","negative"
"This purchase created the rough value, and I would not buy it again.","negative"
"I had a bad experience with the inconsistent value, and I would not buy it again.","negative"
"I expected more from the annoying value, and I would not buy it again.","negative"
"I disliked the poor quality, and I would not buy it again.","negative"
"I was disappointed by the frustrating quality, and I would not buy it again.","negative"
"I regret buying the unreliable quality, and I would not buy it again.","negative"
"I am unhappy with the weak quality, and I would not buy it again.","negative"
"I would not recommend the cheap quality, and I would not buy it again.","negative"
"This product caused the confusing quality, and I would not buy it again.","negative"
"This item gave the low quality quality, and I would not buy it again.","negative"
"This purchase created the rough quality, and I would not buy it again.","negative"
"I had a bad experience with the inconsistent quality, and I would not buy it again.","negative"
"I expected more from the annoying quality, and I would not buy it again.","negative"
"I disliked the poor experience, and I would not buy it again.","negative"
"I was disappointed by the frustrating experience, and I would not buy it again.","negative"
"I regret buying the unreliable experience, and I would not buy it again.","negative"
"I am unhappy with the weak experience, and I would not buy it again.","negative"
"I would not recommend the cheap experience, and I would not buy it again.","negative"
"This product caused the confusing experience, and I would not buy it again.","negative"
"This item gave the low quality experience, and I would not buy it again.","negative"
"This purchase created the rough experience, and I would not buy it again.","negative"
"I had a bad experience with the inconsistent experience, and I would not buy it again.","negative"
"I expected more from the annoying experience, and I would not buy it again.","negative"
"I disliked the poor features, and I would not buy it again.","negative"
"I was disappointed by the frustrating features, and I would not buy it again.","negative"
"I regret buying the unreliable features, and I would not buy it again.","negative"
"I am unhappy with the weak features, and I would not buy it again.","negative"
"I would not recommend the cheap features, and I would not buy it again.","negative"
"This product caused the confusing features, and I would not buy it again.","negative"
"This item gave the low quality features, and I would not buy it again.","negative"
"This purchase created the rough features, and I would not buy it again.","negative"
"I had a bad experience with the inconsistent features, and I would not buy it again.","negative"
"I expected more from the annoying features, and I would not buy it again.","negative"
"I disliked the poor design, and I would not buy it again.","negative"
"I was disappointed by the frustrating design, and I would not buy it again.","negative"
"I regret buying the unreliable design, and I would not buy it again.","negative"
"I am unhappy with the weak design, and I would not buy it again.","negative"
"I would not recommend the cheap design, and I would not buy it again.","negative"
"This product caused the confusing design, and I would not buy it again.","negative"
"This item gave the low quality design, and I would not buy it again.","negative"
"This purchase created the rough design, and I would not buy it again.","negative"
"I had a bad experience with the inconsistent design, and I would not buy it again.","negative"
"I expected more from the annoying design, and I would not buy it again.","negative"
"I disliked the poor durability, and I would not buy it again.","negative"
"I was disappointed by the frustrating durability, and I would not buy it again.","negative"
"I regret buying the unreliable durability, and I would not buy it again.","negative"
"I am unhappy with the weak durability, and I would not buy it again.","negative"
"I would not recommend the cheap durability, and I would not buy it again.","negative"
"This product caused the confusing durability, and I would not buy it again.","negative"
"This item gave the low quality durability, and I would not buy it again.","negative"
"This purchase created the rough durability, and I would not buy it again.","negative"
"I had a bad experience with the inconsistent durability, and I would not buy it again.","negative"
"I expected more from the annoying durability, and I would not buy it again.","negative"
"I disliked the poor support, and I would not buy it again.","negative"
"I was disappointed by the frustrating support, and I would not buy it again.","negative"
"I regret buying the unreliable support, and I would not buy it again.","negative"
"I am unhappy with the weak support, and I would not buy it again.","negative"
"I would not recommend the cheap support, and I would not buy it again.","negative"
"This product caused the confusing support, and I would not buy it again.","negative"
"This item gave the low quality support, and I would not buy it again.","negative"
"This purchase created the rough support, and I would not buy it again.","negative"
"I had a bad experience with the inconsistent support, and I would not buy it again.","negative"
"I expected more from the annoying support, and I would not buy it again.","negative"
"I disliked the poor packaging, and I would not buy it again.","negative"
"I was disappointed by the frustrating packaging, and I would not buy it again.","negative"
"I regret buying the unreliable packaging, and I would not buy it again.","negative"
"I am unhappy with the weak packaging, and I would not buy it again.","negative"
"I would not recommend the cheap packaging, and I would not buy it again.","negative"
"This product caused the confusing packaging, and I would not buy it again.","negative"
"This item gave the low quality packaging, and I would not buy it again.","negative"
"This purchase created the rough packaging, and I would not buy it again.","negative"
"I had a bad experience with the inconsistent packaging, and I would not buy it again.","negative"
"I expected more from the annoying packaging, and I would not buy it again.","negative"
"I disliked the poor results, and it failed to work as described.","negative"
"I was disappointed by the frustrating results, and it failed to work as described.","negative"
"I regret buying the unreliable results, and it failed to work as described.","negative"
"I am unhappy with the weak results, and it failed to work as described.","negative"
"I would not recommend the cheap results, and it failed to work as described.","negative"
"This product caused the confusing results, and it failed to work as described.","negative"
"This item gave the low quality results, and it failed to work as described.","negative"
"This purchase created the rough results, and it failed to work as described.","negative"
"I had a bad experience with the inconsistent results, and it failed to work as described.","negative"
"I expected more from the annoying results, and it failed to work as described.","negative"
"I disliked the poor performance, and it failed to work as described.","negative"
"I was disappointed by the frustrating performance, and it failed to work as described.","negative"
"I regret buying the unreliable performance, and it failed to work as described.","negative"
"I am unhappy with the weak performance, and it failed to work as described.","negative"
"I would not recommend the cheap performance, and it failed to work as described.","negative"
"This product caused the confusing performance, and it failed to work as described.","negative"
"This item gave the low quality performance, and it failed to work as described.","negative"
"This purchase created the rough performance, and it failed to work as described.","negative"
"I had a bad experience with the inconsistent performance, and it failed to work as described.","negative"
"I expected more from the annoying performance, and it failed to work as described.","negative"
"I disliked the poor value, and it failed to work as described.","negative"
"I was disappointed by the frustrating value, and it failed to work as described.","negative"
"I regret buying the unreliable value, and it failed to work as described.","negative"
"I am unhappy with the weak value, and it failed to work as described.","negative"
"I would not recommend the cheap value, and it failed to work as described.","negative"
"This product caused the confusing value, and it failed to work as described.","negative"
"This item gave the low quality value, and it failed to work as described.","negative"
"This purchase created the rough value, and it failed to work as described.","negative"
"I had a bad experience with the inconsistent value, and it failed to work as described.","negative"
"I expected more from the annoying value, and it failed to work as described.","negative"
"I disliked the poor quality, and it failed to work as described.","negative"
"I was disappointed by the frustrating quality, and it failed to work as described.","negative"
"I regret buying the unreliable quality, and it failed to work as described.","negative"
"I am unhappy with the weak quality, and it failed to work as described.","negative"
"I would not recommend the cheap quality, and it failed to work as described.","negative"
"This product caused the confusing quality, and it failed to work as described.","negative"
"This item gave the low quality quality, and it failed to work as described.","negative"
"This purchase created the rough quality, and it failed to work as described.","negative"
"I had a bad experience with the inconsistent quality, and it failed to work as described.","negative"
"I expected more from the annoying quality, and it failed to work as described.","negative"
"I disliked the poor experience, and it failed to work as described.","negative"
"I was disappointed by the frustrating experience, and it failed to work as described.","negative"
"I regret buying the unreliable experience, and it failed to work as described.","negative"
"I am unhappy with the weak experience, and it failed to work as described.","negative"
"I would not recommend the cheap experience, and it failed to work as described.","negative"
"This product caused the confusing experience, and it failed to work as described.","negative"
"This item gave the low quality experience, and it failed to work as described.","negative"
"This purchase created the rough experience, and it failed to work as described.","negative"
"I had a bad experience with the inconsistent experience, and it failed to work as described.","negative"
"I expected more from the annoying experience, and it failed to work as described.","negative"
