"feature_x","feature_y","ring"
"1.308","0.119","inner_ring"
"1.247","0.018","inner_ring"
"0.965","-0.508","inner_ring"
"0.197","1.229","inner_ring"
"-1.194","0.645","inner_ring"
"1.105","-0.167","inner_ring"
"0.9","-0.797","inner_ring"
"-1.034","-0.401","inner_ring"
"0.169","-1.311","inner_ring"
"1.051","-0.455","inner_ring"
"0.924","0.707","inner_ring"
"1.188","0.243","inner_ring"
"-0.489","-0.92","inner_ring"
"-0.997","-0.826","inner_ring"
"-0.646","0.939","inner_ring"
"-0.692","-1.061","inner_ring"
"0.852","0.947","inner_ring"
"1.063","0.652","inner_ring"
"1.187","-0.205","inner_ring"
"-1.328","0.415","inner_ring"
"-0.49","1.135","inner_ring"
"-0.923","0.696","inner_ring"
"-0.814","-0.576","inner_ring"
"-0.795","0.733","inner_ring"
"0.902","0.418","inner_ring"
"1.051","0.693","inner_ring"
"1.241","-0.093","inner_ring"
"0.288","1.114","inner_ring"
"0.701","0.938","inner_ring"
"-1.282","0.368","inner_ring"
"-1.13","-0.278","inner_ring"
"1.285","-0.154","inner_ring"
"-0.415","-0.997","inner_ring"
"0.086","-1.325","inner_ring"
"-1.039","0.64","inner_ring"
"-0.382","-1.005","inner_ring"
"0.295","-1.123","inner_ring"
"0.833","1.005","inner_ring"
"-0.875","-0.743","inner_ring"
"0.348","-1.058","inner_ring"
"-0.122","-1.096","inner_ring"
"0.764","-1.131","inner_ring"
"-1.155","-0.396","inner_ring"
"-1.104","0.65","inner_ring"
"-0.656","-1.139","inner_ring"
"-0.267","1.075","inner_ring"
"0.154","1.114","inner_ring"
"1.038","0.676","inner_ring"
"-0.954","-0.525","inner_ring"
"-0.743","-1.022","inner_ring"
"0.866","-0.551","inner_ring"
"0.923","0.941","inner_ring"
"-0.858","0.627","inner_ring"
"0.84","-0.698","inner_ring"
"-1.136","-0.191","inner_ring"
"0.992","0.488","inner_ring"
"-0.019","-1.179","inner_ring"
"-1.103","0.307","inner_ring"
"-1.099","0.185","inner_ring"
"1.037","-0.93","inner_ring"
"-1.215","-0.188","inner_ring"
"-0.631","-1.189","inner_ring"
"1.119","0.092","inner_ring"
"1.311","-0.36","inner_ring"
"1.144","0.121","inner_ring"
"-1.167","0.3","inner_ring"
"-0.955","-0.338","inner_ring"
"0.59","-1.207","inner_ring"
"-0.03","-1.224","inner_ring"
"-0.941","0.786","inner_ring"
"1.072","-0.146","inner_ring"
"-0.396","1.189","inner_ring"
"-1.284","0.599","inner_ring"
"0.956","0.42","inner_ring"
"0.293","1.333","inner_ring"
"0.216","1.227","inner_ring"
"-0.563","-1.078","inner_ring"
"0.706","-0.959","inner_ring"
"1.049","-0.907","inner_ring"
"0.576","1.145","inner_ring"
"1.149","0.655","inner_ring"
"0.044","-1.023","inner_ring"
"-1.056","-0.918","inner_ring"
"0.383","1.156","inner_ring"
"0.521","-0.905","inner_ring"
"0.164","1.234","inner_ring"
"-0.168","-1.232","inner_ring"
"0.261","1.25","inner_ring"
"-0.168","1.08","inner_ring"
"-0.746","-0.952","inner_ring"
"1.313","-0.009","inner_ring"
"-1.304","-0.084","inner_ring"
"0.836","0.962","inner_ring"
"0.344","1.304","inner_ring"
"0.828","0.673","inner_ring"
"-0.381","1.145","inner_ring"
"1.026","0.537","inner_ring"
"1.126","0.334","inner_ring"
"0.692","-1.11","inner_ring"
"-0.969","-0.868","inner_ring"
"0.925","0.733","inner_ring"
"0.351","1.272","inner_ring"
"-1.11","-0.888","inner_ring"
"-0.759","0.812","inner_ring"
"0.711","1.085","inner_ring"
"-1.106","-0.528","inner_ring"
"0.969","0.271","inner_ring"
"1.065","0.348","inner_ring"
"1.019","-0.157","inner_ring"
"0.091","1.283","inner_ring"
"1.246","-0.306","inner_ring"
"0.232","1.115","inner_ring"
"-1.087","0.105","inner_ring"
"1.094","0.074","inner_ring"
"-0.734","0.824","inner_ring"
"-0.096","-1.024","inner_ring"
"1.342","0.015","inner_ring"
"1.192","-0.12","inner_ring"
"1.114","0.515","inner_ring"
"0.493","0.999","inner_ring"
"0.746","1.028","inner_ring"
"-0.174","-1.056","inner_ring"
"0.414","-1.077","inner_ring"
"-0.251","1.311","inner_ring"
"-1.211","0.611","inner_ring"
"0.71","-1.032","inner_ring"
"-0.252","-1.045","inner_ring"
"0.784","0.895","inner_ring"
"1.146","-0.738","inner_ring"
"1.177","0.339","inner_ring"
"-0.243","-3.273","outer_ring"
"2.141","2.334","outer_ring"
"0.302","2.982","outer_ring"
"2.77","1.424","outer_ring"
"-0.721","-3.356","outer_ring"
"-3.382","0.155","outer_ring"
"2.556","1.733","outer_ring"
"-0.351","-2.92","outer_ring"
"2.82","1.187","outer_ring"
"-2.41","1.799","outer_ring"
"2.634","1.644","outer_ring"
"1.042","2.816","outer_ring"
"0.173","-3.298","outer_ring"
"0.751","2.961","outer_ring"
"2.734","1.309","outer_ring"
"-2.532","-1.978","outer_ring"
"0.67","3.118","outer_ring"
"-1.065","-3.163","outer_ring"
"1.809","2.331","outer_ring"
"0.99","-3.14","outer_ring"
"3.119","0.07","outer_ring"
"-3.105","-1.192","outer_ring"
"3.01","-1.226","outer_ring"
"2.751","-1.967","outer_ring"
"-1.123","-2.67","outer_ring"
"1.176","-2.845","outer_ring"
"-2.549","-1.56","outer_ring"
"-2.783","-1.346","outer_ring"
"2.599","1.813","outer_ring"
"-0.546","-3.173","outer_ring"
"-2.287","-2.131","outer_ring"
"-1.248","-3.101","outer_ring"
"-3.374","-0.586","outer_ring"
"1.042","-2.848","outer_ring"
"-0.305","3.334","outer_ring"
"3.208","-0.502","outer_ring"
"-2.103","-2.541","outer_ring"
"2.589","-1.75","outer_ring"
"-3.19","0.428","outer_ring"
"-3.24","1.309","outer_ring"
"-2.946","-1.354","outer_ring"
"-1.159","-2.78","outer_ring"
"1.738","2.574","outer_ring"
"2.585","-1.411","outer_ring"
"2.937","-0.58","outer_ring"
"-2.671","-1.329","outer_ring"
"2.662","1.498","outer_ring"
"2.988","1.323","outer_ring"
"-3.037","-1.206","outer_ring"
"3.154","0.835","outer_ring"
"3.03","-0.57","outer_ring"
"2.284","2.517","outer_ring"
"2.666","1.468","outer_ring"
"-2.399","-1.926","outer_ring"
"-0.14","3.074","outer_ring"
"2.794","-1.451","outer_ring"
"3.191","0.882","outer_ring"
"0.462","2.89","outer_ring"
"3.373","0.012","outer_ring"
"-2.594","-2.194","outer_ring"
"3.384","0.078","outer_ring"
"0.266","3.368","outer_ring"
"-2.949","1.175","outer_ring"
"0.729","3.235","outer_ring"
"-3.409","-0.386","outer_ring"
"-2.201","-2.143","outer_ring"
"-0.689","3.034","outer_ring"
"1.993","2.244","outer_ring"
"2.658","1.764","outer_ring"
"3.321","0.506","outer_ring"
"2.207","2.065","outer_ring"
"2.669","-1.323","outer_ring"
"-3.118","0.12","outer_ring"
"1.57","3.051","outer_ring"
"0.55","-2.941","outer_ring"
"-2.794","-1.128","outer_ring"
"-1.97","2.596","outer_ring"
"-0.536","3.158","outer_ring"
"0.962","-2.984","outer_ring"
"-1.406","2.695","outer_ring"
"-0.305","2.984","outer_ring"
"-0.201","3.065","outer_ring"
"2.866","-1.271","outer_ring"
"-1.934","2.293","outer_ring"
"0.868","-3.016","outer_ring"
"-3.128","-0.03","outer_ring"
"0.633","-2.94","outer_ring"
"-2.317","-2.447","outer_ring"
"2.768","1.618","outer_ring"
"2.474","-2.025","outer_ring"
"0.161","3.207","outer_ring"
"-0.602","3.33","outer_ring"
"1.786","-2.396","outer_ring"
"-1.698","-2.936","outer_ring"
"3.073","-0.316","outer_ring"
"-3.222","0.162","outer_ring"
"2.526","-2.075","outer_ring"
"-3.015","-0.192","outer_ring"
"1.704","2.624","outer_ring"
"-1.893","2.461","outer_ring"
"2.92","-1.115","outer_ring"
"3.184","0.866","outer_ring"
"1.667","-2.788","outer_ring"
"-2.862","-0.814","outer_ring"
"1.511","-3.001","outer_ring"
"2.4","1.944","outer_ring"
"3.12","-0.99","outer_ring"
"-1.376","-2.869","outer_ring"
"-2.894","1.907","outer_ring"
"-1.016","-2.891","outer_ring"
"0.594","-3.039","outer_ring"
"-3.122","0.052","outer_ring"
"3.12","-0.338","outer_ring"
"-1.6","2.533","outer_ring"
"1.616","2.53","outer_ring"
"0.372","-3.338","outer_ring"
"3.267","-0.658","outer_ring"
"2.841","-1.355","outer_ring"
"0.644","-3.178","outer_ring"
"0.005","3.068","outer_ring"
"0.033","-3.369","outer_ring"
"-1.076","2.789","outer_ring"
"2.016","2.47","outer_ring"
"-2.753","-1.688","outer_ring"
"1.08","-3.157","outer_ring"
"2.705","1.337","outer_ring"
"-3.18","-0.016","outer_ring"
"-0.787","2.999","outer_ring"
"0.682","-2.958","outer_ring"
"-2.503","-1.762","outer_ring"
